REFACTOR,RESTRUCTUR,RECODE,REENGINEER,REWRIT,EDIT,ADD,CHANG,CREAT,EXTEND,EXTRACT,FIX,IMPROV,INLIN,INTRODUC,MERG,MOV,REPACKAG,REDESIGN,REDUC,REFIN,REMOV,RENAM,REORGANIZ,REPLAC,SPLIT,CHANGTHENAME,CLEANUPCODE,CLEANUP,CODECLEAN,CODEOPTIMIZATION,FIXCODESTYLE,IMPROVCODEQUALITY,PULLUP,PUSHDOWN,SIMPLIFYCODE
20.533423603192702,0.2814994298745724,0.0,0.0,5.7137257696693275,0.17281927023945268,21.08929589509692,1.414623717217788,5.496365450399088,1.6551453819840365,0.47035347776510833,1.6925598631698975,4.250997719498289,0.0,0.24942987457240592,0.5344925883694412,0.25655644241733183,0.0,0.0,1.4805444697833523,28.49914481185861,3.344141961231471,0.24942987457240592,0.0,0.3634549600912201,0.13718643101482325,0.01781641961231471,0.048104332953249715,1.653363740022805,0.21201539338654504,0.010689851767388826,0.044541049030786775,0.03919612314709236,0.021379703534777653,0.05701254275940707,0.010689851767388826
11525,158,0,0,3207,97,11837,794,3085,929,264,950,2386,0,140,300,144,0,0,831,15996,1877,140,0,204,77,10,27,928,119,6,25,22,12,32,6
