Inheritance,Abstraction,Complexity,Composition,Coupling,Encapsulation,Messaging,Concern,Separation,Dependency
2.2817631806395853,1.1235955056179776,2.800345721694036,0.25929127052722556,2.592912705272256,1.2791702679343129,0.2938634399308557,2.8176318063958514,1.2445980985306828,10.285220397579948
132,65,162,15,150,74,17,163,72,595
