Functionality,Performance,Compatibility,Readability,Stability,Usability,Flexibility,Extensibility,Efficiency,Accuracy,Testability,Correctness,Scalability,Simplicity,Reliability,Modularity,Maintainability,Interoperability,Effectiveness,Productivity,Reproducibility
16.4390665514261,29.16162489196197,3.543647363872083,1.382886776145203,2.4546240276577356,1.2273120138288678,3.3880726015557476,1.1754537597234227,0.7951598962834918,0.9680207433016422,1.5557476231633536,0.5185825410544511,1.1408815903197926,0.03457216940363008,0.7778738115816768,1.1754537597234227,1.1063094209161626,0.4840103716508211,0.4840103716508211,0.5877268798617113,0.4840103716508211
951,1687,205,80,142,71,196,68,46,56,90,30,66,2,45,68,64,28,28,34,28
