Duplicate Code,Dead Code,Switch Statement,Redundancy,Code Style
2.8659476117103235,1.8644067796610169,0.12326656394453005,0.7087827426810478,0.3852080123266564
186,121,8,46,25
