Inheritance,Abstraction,Complexity,Composition,Coupling,Encapsulation,Messaging,Concern,Separation,Dependency
2.0338983050847457,1.1248073959938367,3.6363636363636362,0.23112480739599384,2.3112480739599386,1.263482280431433,0.26194144838212635,2.5115562403697997,1.987673343605547,9.691833590138675
132,73,236,15,150,82,17,163,129,629
