Duplicate Code,Dead Code,Switch Statement,Redundancy,Code Style
3.2152117545375973,1.5557476231633536,0.13828867761452032,0.7951598962834918,0.43215211754537597
186,90,8,46,25
