REFACTOR,RESTRUCTUR,RECODE,REENGINEER,REWRIT,EDIT,ADD,CHANG,CREAT,EXTEND,EXTRACT,FIX,IMPROV,INLIN,INTRODUC,MERG,MOV,REPACKAG,REDESIGN,REDUC,REFIN,REMOV,RENAM,REORGANIZ,REPLAC,SPLIT,CHANGTHENAME,CLEANUPCODE,CLEANUP,CODECLEAN,CODEOPTIMIZATION,FIXCODESTYLE,IMPROVCODEQUALITY,PULLUP,PUSHDOWN,SIMPLIFYCODE
5.497063665458958,0.08248322216276462,0.0,0.0027267180880252767,1.6026285562368563,0.22120500489105058,29.64828745062084,9.722454182615127,13.685738923559867,2.8224940608671645,2.706267702365087,7.114689171179953,7.261591108172315,0.33947640195914697,1.70658468334282,2.1858053873132626,3.5440518349108534,0.010566032591097948,0.07737062574771722,1.9260854894288548,0.10361528734496052,5.491610229282907,1.1349964041405214,0.04260497012539495,1.446183105936406,0.9850269092991312,0.02726718088025277,0.021472904943199055,0.4478634459581517,0.0691904714836414,0.0020450385660189577,0.011929391635110585,0.027948860402259086,0.009202673547085309,0.016360308528151662,0.005112596415047394
16128,242,0,8,4702,649,86986,28525,40153,8281,7940,20874,21305,996,5007,6413,10398,31,227,5651,304,16112,3330,125,4243,2890,80,63,1314,203,6,35,82,27,48,15
