REFACTOR,RESTRUCTUR,RECODE,REENGINEER,REWRIT,EDIT,ADD,CHANG,CREAT,EXTEND,EXTRACT,FIX,IMPROV,INLIN,INTRODUC,MERG,MOV,REPACKAG,REDESIGN,REDUC,REFIN,REMOV,RENAM,REORGANIZ,REPLAC,SPLIT,CHANGTHENAME,CLEANUPCODE,CLEANUP,CODECLEAN,CODEOPTIMIZATION,FIXCODESTYLE,IMPROVCODEQUALITY,PULLUP,PUSHDOWN,SIMPLIFYCODE
6.187165426295861,0.04488183836009923,0.0,0.006528267397832615,2.9548570309439874,0.3264133698916308,31.71105888497193,8.081995038516778,11.311855333594464,3.3734821778300037,3.619924272098185,6.616399007703356,6.981981981981982,0.39414414414414417,1.7250946598772685,1.7185663924794359,2.948328763546155,0.0,0.17055098576837707,1.539039039039039,0.18279148713931323,5.7350829089959525,1.2624037080558819,0.074259041650346,1.7332549941245594,0.7181094137615877,0.01632066849458154,0.022032902467685075,0.3810876093484789,0.07997127562344954,0.004896200548374461,0.02448100274187231,0.006528267397832615,0.012240501370936154,0.027745136440788614,0.006528267397832615
7582,55,0,8,3621,400,38860,9904,13862,4134,4436,8108,8556,483,2114,2106,3613,0,209,1886,224,7028,1547,91,2124,880,20,27,467,98,6,30,8,15,34,8
