RECODE,REENGINEER,REWRIT,EDIT,ADD,CHANG,CREAT,EXTEND,EXTRACT,FIX,IMPROV,INLIN,INTRODUC,MERG,MOV,REPACKAG,REDESIGN,REDUC,REFIN,REMOV,RENAM,REORGANIZ,REPLAC,RESTRUCTUR,SPLIT,CHANGTHENAME,CLEANUPCODE,CLEANUP,CODECLEAN,CODEOPTIMIZATION,FIXCODESTYLE,IMPROVCODEQUALITY,PULLUP,PUSHDOWN,SIMPLIFYCODE
0.03779289493575208,0.11337868480725624,0.0,3.0990173847316704,0.15117157974300832,29.402872260015116,5.555555555555555,8.654572940287226,2.872260015117158,2.985638699924414,7.218442932728647,9.486016628873772,0.45351473922902497,1.1715797430083144,2.456538170823885,3.741496598639456,0.03779289493575208,0.22675736961451248,1.927437641723356,0.45351473922902497,9.977324263038549,1.965230536659108,0.11337868480725624,3.439153439153439,1.5495086923658352,0.0,0.15117157974300832,1.7006802721088434,0.22675736961451248,0.03779289493575208,0.11337868480725624,0.03779289493575208,0.11337868480725624,0.45351473922902497,0.07558578987150416
