REFACTOR,RECODE,REENGINEER,REWRIT,EDIT,ADD,CHANG,CREAT,EXTEND,EXTRACT,FIX,IMPROV,INLIN,INTRODUC,MERG,MOV,REPACKAG,REDESIGN,REDUC,REFIN,REMOV,RENAM,REORGANIZ,REPLAC,RESTRUCTUR,SPLIT,CHANGTHENAME,CLEANUPCODE,CLEANUP,CODECLEAN,CODEOPTIMIZATION,FIXCODESTYLE,IMPROVCODEQUALITY,PULLUP,PUSHDOWN,SIMPLIFYCODE
4.253112033195021,0.05186721991701245,0.05186721991701245,0.034578146611341634,2.5760719225449518,0.3457814661134163,25.691562932226834,7.520746887966805,9.630013831258644,3.215767634854772,3.0601659751037342,6.293222683264177,6.7254495159059475,0.5013831258644537,1.780774550484094,2.2302904564315353,3.699861687413555,0.017289073305670817,0.17289073305670816,2.2994467496542184,0.3630705394190871,9.837482710926695,2.040110650069156,0.08644536652835408,3.5269709543568464,1.607883817427386,0.05186721991701245,0.06915629322268327,1.227524204702628,0.22475795297372061,0.017289073305670817,0.1037344398340249,0.034578146611341634,0.12102351313969571,0.4149377593360996,0.12102351313969571
246,3,3,2,149,20,1486,435,557,186,177,364,389,29,103,129,214,1,10,133,21,569,118,5,204,93,3,4,71,13,1,6,2,7,24,7
