REFACTOR,RECODE,REENGINEER,REWRIT,EDIT,ADD,CHANG,CREAT,EXTEND,EXTRACT,FIX,IMPROV,INLIN,INTRODUC,MERG,MOV,REPACKAG,REDESIGN,REDUC,REFIN,REMOV,RENAM,REORGANIZ,REPLAC,RESTRUCTUR,SPLIT,CHANGTHENAME,CLEANUPCODE,CLEANUP,CODECLEAN,CODEOPTIMIZATION,FIXCODESTYLE,IMPROVCODEQUALITY,PULLUP,PUSHDOWN,SIMPLIFYCODE
4.024556617,0.068212824,0.022737608,0.045475216,2.341973624,0.386539336,24.69304229,8.003638017,10.07276035,3.206002729,3.206002729,6.048203729,7.094133697,0.522964984,2.069122328,2.137335152,3.569804457,0.022737608,0.204638472,2.2737608,0.318326512,10.00454752,2.16007276,0.11368804,3.433378809,1.59163256,0.045475216,0.068212824,1.1368804,0.204638472,0.022737608,0.090950432,0.045475216,0.159163256,0.45475216,0.136425648
177,3,1,2,103,17,1086,352,443,141,141,266,312,23,91,94,157,1,9,100,14,440,95,5,151,70,2,3,50,9,1,4,2,7,20,6
