Inheritance,Abstraction,Complexity,Composition,Coupling,Encapsulation,Polymorphism,Messaging,Concern,Separation,Dependency
1.230888831,2.215599896,3.932365898,0.511790619,0.932884167,0.85514382,0.097175434,1.690852552,2.293340244,2.351645504,13.33246955
190,342,607,79,144,132,15,261,354,363,2058
