Inheritance,Abstraction,Complexity,Composition,Coupling,Encapsulation,polymorphism,Messaging,Concern,Separation,Dependency
1.2308888313034465,2.2155998963462036,3.9323658979010108,0.511790619331433,0.9328841668826121,0.8551438196423944,0.0971754340502721,1.6908525524747344,2.2933402435864214,2.3516455040165845,13.332469551697331
190,342,607,79,144,132,15,261,354,363,2058
