Duplicate Code,Dead Code,Data Class,Redundancy,Code Style
2.250095748755266,0.5744925315970892,0.3351206434316354,1.1106855610877058,1.7713519724243585
235,60,35,116,185
