Inheritance,Abstraction,Complexity,Composition,Coupling,Encapsulation,polymorphism,Messaging,Concern,Separation,Dependency
1.350271652285075,1.6418983700862895,2.892297858740812,0.9387983381271972,0.9707574304889741,0.8788750399488654,0.19574944071588368,1.1585170981144135,2.1931927133269413,2.0933205496963887,13.031319910514542
338,411,724,235,243,220,49,290,549,524,3262
