Inheritance,Abstraction,Complexity,Composition,Coupling,Encapsulation,Messaging,Concern,Separation,Dependency
1.6181539639984681,0.7085407889697434,1.24473381846036,1.8192263500574493,0.7276905400229797,0.6510915358100344,0.8138644197625431,2.058598238222903,0.871313672922252,13.242052853312908
169,74,130,190,76,68,85,215,91,1383
