RECODE,REENGINEER,REWRIT,EDIT,ADD,CHANG,CREAT,EXTEND,EXTRACT,FIX,IMPROV,INLIN,INTRODUC,MERG,MOV,REPACKAG,REDESIGN,REDUC,REFIN,REMOV,RENAM,REORGANIZ,REPLAC,RESTRUCTUR,SPLIT,CHANGTHENAME,CLEANUPCODE,CLEANUP,CODECLEAN,CODEOPTIMIZATION,FIXCODESTYLE,IMPROVCODEQUALITY,PULLUP,PUSHDOWN,SIMPLIFYCODE
0.037792895,0.113378685,0,3.099017385,0.15117158,29.40287226,5.555555556,8.65457294,2.872260015,2.9856387,7.218442933,9.486016629,0.453514739,1.171579743,2.456538171,3.741496599,0.037792895,0.22675737,1.927437642,0.453514739,9.977324263,1.965230537,0.113378685,3.439153439,1.549508692,0,0.15117158,1.700680272,0.22675737,0.037792895,0.113378685,0.037792895,0.113378685,0.453514739,0.07558579
